release,name,url,bytes,sha256,pinned_on
nba_stats_pbp,nba_play_by_play_2014.parquet,https://github.com/sportsdataverse/sportsdataverse-data/releases/download/nba_stats_pbp/nba_play_by_play_2014.parquet,17663229,2a8457b24f277d24ddeb24fe53a988333f99f19d97d24f4f26f9616f7d5ae4d6,2026-10-03
nba_stats_pbp,nba_play_by_play_2015.parquet,https://github.com/sportsdataverse/sportsdataverse-data/releases/download/nba_stats_pbp/nba_play_by_play_2015.parquet,18045053,72be44693c2031c7c559693fc756a30c469537730615e3fad4b1b4a50dc51a63,2026-10-03
nba_stats_pbp,nba_play_by_play_2016.parquet,https://github.com/sportsdataverse/sportsdataverse-data/releases/download/nba_stats_pbp/nba_play_by_play_2016.parquet,18419473,ff44a3393174a77f08cde0c22e83e5bc0e66ee98f3a47def461580aacb014b6b,2026-10-03
nba_stats_pbp,nba_play_by_play_2017.parquet,https://github.com/sportsdataverse/sportsdataverse-data/releases/download/nba_stats_pbp/nba_play_by_play_2017.parquet,18334973,46717a884b2cd9254e76b44b19833e1d0fb23c688947212e1585e208f0a79781,2026-10-03
nba_stats_pbp,nba_play_by_play_2018.parquet,https://github.com/sportsdataverse/sportsdataverse-data/releases/download/nba_stats_pbp/nba_play_by_play_2018.parquet,18339412,f25a44f9992238488ce2a1b4f78c6511f6c6b5e939a46363c79489cb432715b1,2026-10-03
nba_stats_pbp,nba_play_by_play_2019.parquet,https://github.com/sportsdataverse/sportsdataverse-data/releases/download/nba_stats_pbp/nba_play_by_play_2019.parquet,19162581,ba7ca0973c96fc4a50b51534e6c85b6508d063995cff957a28e4a13295359f72,2026-10-03
nba_stats_pbp,nba_play_by_play_2020.parquet,https://github.com/sportsdataverse/sportsdataverse-data/releases/download/nba_stats_pbp/nba_play_by_play_2020.parquet,15491346,f1a015751e0a03b27bf415c90cc9f931429a4c9866e438be89d12299cf65b35e,2026-10-03
nba_stats_pbp,nba_play_by_play_2021.parquet,https://github.com/sportsdataverse/sportsdataverse-data/releases/download/nba_stats_pbp/nba_play_by_play_2021.parquet,16825062,429eea1d4589eef07c9fb26436c628a0d335239580b087240215070f70fbc6e3,2026-10-03
nba_stats_pbp,nba_play_by_play_2022.parquet,https://github.com/sportsdataverse/sportsdataverse-data/releases/download/nba_stats_pbp/nba_play_by_play_2022.parquet,18827968,0f4f96f534b82261384660fbe74ec6bbf18a953dac396db9456d0fecdd238c76,2026-10-03
nba_stats_pbp,nba_play_by_play_2023.parquet,https://github.com/sportsdataverse/sportsdataverse-data/releases/download/nba_stats_pbp/nba_play_by_play_2023.parquet,19022823,4d7fb91e444f8b9630f2c3e94e7f32b09734efdc258a3b7e24437e02a38f0714,2026-10-03
nba_stats_pbp,nba_play_by_play_2024.parquet,https://github.com/sportsdataverse/sportsdataverse-data/releases/download/nba_stats_pbp/nba_play_by_play_2024.parquet,19132464,615b74d5dd35fd1e5b55f8f2fc726fa2e2cabdeed57baedc66f0f13a878505df,2026-10-03
nba_stats_pbp,nba_play_by_play_2025.parquet,https://github.com/sportsdataverse/sportsdataverse-data/releases/download/nba_stats_pbp/nba_play_by_play_2025.parquet,19672208,7b7e5650dd1249bbc1a7720afccf1df1f12d7b99b99bed9d798cc060325a89c1,2026-10-03
nba_stats_pbp,nba_play_by_play_2026.parquet,https://github.com/sportsdataverse/sportsdataverse-data/releases/download/nba_stats_pbp/nba_play_by_play_2026.parquet,19999800,78524677282ad105b2651d511abcc0a827c1cecdbe826acc487872d1f03836ac,2026-10-03
nba_stats_schedules,nba_schedule_2014.parquet,https://github.com/sportsdataverse/sportsdataverse-data/releases/download/nba_stats_schedules/nba_schedule_2014.parquet,24256,0753b1362fee052df1aaa7e29b76783994a91c1baa0430561cda1edc2b8d676c,2026-10-03
nba_stats_schedules,nba_schedule_2015.parquet,https://github.com/sportsdataverse/sportsdataverse-data/releases/download/nba_stats_schedules/nba_schedule_2015.parquet,24184,e98792a763bc8d41f3b2ff1e111bc7e35a2cfe8e9b45134296cd053fe5581cb5,2026-10-03
nba_stats_schedules,nba_schedule_2016.parquet,https://github.com/sportsdataverse/sportsdataverse-data/releases/download/nba_stats_schedules/nba_schedule_2016.parquet,23595,c49e9ec5830c00613a08c74114e748e7c2d76b45f211ae637db7d20b6d9a0168,2026-10-03
nba_stats_schedules,nba_schedule_2017.parquet,https://github.com/sportsdataverse/sportsdataverse-data/releases/download/nba_stats_schedules/nba_schedule_2017.parquet,23465,9d0e3e31133e8cbc7672234172d26950e44c6ac455c076732f09f185f2f51527,2026-10-03
nba_stats_schedules,nba_schedule_2018.parquet,https://github.com/sportsdataverse/sportsdataverse-data/releases/download/nba_stats_schedules/nba_schedule_2018.parquet,23284,0b8bd8690aede3b58b71a32b067ea476bc64a1b0afe27aaed65b8593623ab673,2026-10-03
nba_stats_schedules,nba_schedule_2019.parquet,https://github.com/sportsdataverse/sportsdataverse-data/releases/download/nba_stats_schedules/nba_schedule_2019.parquet,23368,3990c1f0b284b6ef3ed009d3a9b42e4ed4e5a2e3fcf6f0951301bf701fcc0afa,2026-10-03
nba_stats_schedules,nba_schedule_2020.parquet,https://github.com/sportsdataverse/sportsdataverse-data/releases/download/nba_stats_schedules/nba_schedule_2020.parquet,20341,6fb45790190b0ce2d3f97cd920c5c8a33ba5f8b1df041cc12ba00ca800fc3156,2026-10-03
nba_stats_schedules,nba_schedule_2021.parquet,https://github.com/sportsdataverse/sportsdataverse-data/releases/download/nba_stats_schedules/nba_schedule_2021.parquet,20860,a2f694a8ea19e4f1418350d45bd6684c3ac15b0ddb589ca693c84383ad09cc73,2026-10-03
nba_stats_schedules,nba_schedule_2022.parquet,https://github.com/sportsdataverse/sportsdataverse-data/releases/download/nba_stats_schedules/nba_schedule_2022.parquet,23371,e7a968c6f56a9ef0cb2c89d8a315154b6982beb68b42a7fe3e0a4c1464b77bb7,2026-10-03
nba_stats_schedules,nba_schedule_2023.parquet,https://github.com/sportsdataverse/sportsdataverse-data/releases/download/nba_stats_schedules/nba_schedule_2023.parquet,23782,44e826e8b432b863ddec3976a1c72eb2e5ce345af32e8d0c8b84a6137f6d2164,2026-10-03
nba_stats_schedules,nba_schedule_2024.parquet,https://github.com/sportsdataverse/sportsdataverse-data/releases/download/nba_stats_schedules/nba_schedule_2024.parquet,23502,2d2cd6e93a462a61981e59db5e12132bf4b21bb946fc4f83b75f58bd650f9aa4,2026-10-03
nba_stats_schedules,nba_schedule_2025.parquet,https://github.com/sportsdataverse/sportsdataverse-data/releases/download/nba_stats_schedules/nba_schedule_2025.parquet,23421,959fdff85cf5892f83166d90cc84964075e13440ada5cff2a6bbe0bd9d4052fa,2026-10-03
nba_stats_schedules,nba_schedule_2026.parquet,https://github.com/sportsdataverse/sportsdataverse-data/releases/download/nba_stats_schedules/nba_schedule_2026.parquet,23506,1604c62a6d0a03dace9f1b8238c1374ecf87efeb6455175514a2d3d064fe520e,2026-10-03
