season,model,n,logloss,brier,auc,cal_intercept,cal_slope,ece
2020,M0 constant,187632,0.6901328124303734,0.24849433041789523,0.5,-0.0014715146260132113,,0.005494798328643304
2020,M1 distance,187632,0.6515820394769011,0.2296951272673015,0.6394282750240036,0.016045509008851155,1.0214293419306455,0.01378245216298111
2020,M2 logit,187632,0.650656212153832,0.22933704171807798,0.638827015750695,0.016611392906777198,1.0433757875354552,0.016693130987680074
2020,M2 hgb,187632,0.6485282410844115,0.22842130794063664,0.6435775413592134,0.019613846670935624,1.0455633696437903,0.0076073275493814116
2020,M3 logit,187632,0.6374491366093671,0.2243009035019051,0.6571986310348814,-0.00487454612493542,0.991294328002859,0.005971451165346605
2020,M3 hgb,187632,0.636651588778251,0.2239428039435807,0.6585997854189567,-0.003021823618428418,1.013741438831162,0.004230780910859936
2020,M4 logit,187632,0.6370667007969314,0.22412228817955848,0.6585738147557979,-0.005854899983753539,0.9910302679890733,0.005627923150043499
2020,M4 hgb,187632,0.6359003255665081,0.22362438228768172,0.6606522576646032,-0.0046990365242454155,1.0167738441506509,0.00558215954943231
2021,M0 constant,190601,0.6910265651556874,0.2489403201694651,0.5,0.022237543604607612,,0.005800490747563325
2021,M1 distance,190601,0.6594695464785688,0.23314198251465387,0.6319952042592236,0.06190434924439389,0.910937172805917,0.020127007325823714
2021,M2 logit,190601,0.6595937967480865,0.2331955090727738,0.6285109673597766,0.04914911054458963,0.8898351417927974,0.019203342893759818
2021,M2 hgb,190601,0.6583749351762803,0.23273312710676416,0.6327003441091346,0.053369999529830695,0.8747947408398341,0.022908374802552527
2021,M3 logit,190601,0.6447635642719656,0.2276160607474844,0.6477669359246622,0.05164486403616922,0.9498526938201151,0.015347388196413129
2021,M3 hgb,190601,0.64371969113824,0.22718025892320218,0.6489465433876257,0.055496025298528553,0.9884359060932939,0.012537720155425659
2021,M4 logit,190601,0.6447432750541205,0.22758809612446787,0.6487788165357007,0.04692629600539552,0.9353416745216145,0.01478037392092376
2021,M4 hgb,190601,0.6428529107884542,0.2268211117048895,0.6508624991154319,0.05128780914037605,0.9719783352552444,0.012039461596460872
2022,M0 constant,216207,0.6902750496385727,0.24856530841481672,0.5,-0.002562089043210627,,0.00855178437143448
2022,M1 distance,216207,0.6543212190481261,0.23079132004635472,0.6409996000611887,0.04360584228767884,1.024704395553441,0.016186809905290346
2022,M2 logit,216207,0.6541770956257511,0.23072565537019435,0.6370932477709594,0.03461351349817743,0.9953365236225038,0.00985059358337983
2022,M2 hgb,216207,0.6502204329159935,0.22932405166381714,0.6429378950592823,0.055619711796021876,1.1216508056227816,0.017204193617953882
2022,M3 logit,216207,0.6408544176192078,0.22578450372287537,0.6509800666931409,0.026439869144899042,1.0293343632182776,0.01127389229766984
2022,M3 hgb,216207,0.6400846821398782,0.22547624231871033,0.6518012419734607,0.03073435813582076,1.0458692399257346,0.010536431325959519
2022,M4 logit,216207,0.6406703831125824,0.22569840096111562,0.6520803308089175,0.025058470616340575,1.0296351112811817,0.010251919240405373
2022,M4 hgb,216207,0.6393434526341979,0.22515849678119376,0.6539068492830546,0.028729460051522236,1.0504252944099766,0.00992600493027367
2023,M0 constant,216711,0.6924114421728118,0.24963151218698976,0.5,0.05525384019412966,,0.013761176481729963
2023,M1 distance,216711,0.6556368541377448,0.23150599076159678,0.6448022800432472,0.08667568289213379,1.0390795490850095,0.02079551589908516
2023,M2 logit,216711,0.6555201481448026,0.23142749080786473,0.6419830276715854,0.07882473724122455,1.0091230579079604,0.018212523771401645
2023,M2 hgb,216711,0.6513622801586513,0.22994419742327166,0.6479644529114037,0.09695877717199543,1.1305931572890744,0.02287815570921634
2023,M3 logit,216711,0.6426607990773211,0.22674711354402058,0.6527150378717977,0.06012459390593421,1.031273728579177,0.013643181091120124
2023,M3 hgb,216711,0.641638182455687,0.2263149048463893,0.6550078783911805,0.06535239738818077,1.0370486719658185,0.014809182731661985
2023,M4 logit,216711,0.6423849411358633,0.22661939014533508,0.653972214386555,0.05937692792296262,1.0318555182339404,0.013668008042778996
2023,M4 hgb,216711,0.6408372924779941,0.2259516799836273,0.6571300533465853,0.06375741951410101,1.0544991796076717,0.01445764789394175
2024,M0 constant,218203,0.6921483105307658,0.2495003806205882,0.5,0.04153578212239871,,0.01034667417350824
2024,M1 distance,218203,0.6558749523546149,0.2316946503670586,0.6406822570537094,0.07295125032128166,1.0300236141764287,0.016918326690285843
2024,M2 logit,218203,0.6557582662611965,0.23163828133744446,0.6396555157948403,0.06644953755139965,1.0171023203330958,0.01542114543135903
2024,M2 hgb,218203,0.6520484903799962,0.23028643521946943,0.6439167014070724,0.08155006905339787,1.0965916449413062,0.019300610671938386
2024,M3 logit,218203,0.6438899371022304,0.22729595146417705,0.6482534615899023,0.054315348237546385,1.0137745660576063,0.012556898916089673
2024,M3 hgb,218203,0.6426811788709832,0.2267747751491334,0.6506370085599392,0.05742902321251658,1.0356119505313204,0.013268134770028611
2024,M4 logit,218203,0.6436040675783329,0.22716171570507043,0.6495780308706555,0.05215769565391338,1.0156861391508112,0.011906563526150424
2024,M4 hgb,218203,0.6419042240500124,0.22644546389214004,0.6525812556079974,0.055939632766372184,1.0417262659616233,0.012695783174618688
2025,M0 constant,218917,0.6911605219237108,0.2490073182170709,0.5,0.007504398882302223,,0.0033808005952675577
2025,M1 distance,218917,0.6554884654835388,0.23148664120154408,0.6401978824693929,0.05794193239142334,1.0323418625168856,0.01538617910910014
2025,M2 logit,218917,0.6553133268644519,0.2314248019055354,0.6393929621393951,0.052748642498287396,1.0271329463029322,0.012972141477873391
2025,M2 hgb,218917,0.6516695306086616,0.23007795415874122,0.6434685770275287,0.06230604056234054,1.092896426795519,0.015663206914052444
2025,M3 logit,218917,0.6439373772316676,0.22716673072812815,0.6455838910533219,0.03183449133667467,0.9918371680757353,0.011275646597349276
2025,M3 hgb,218917,0.6424339052024833,0.22653598073292286,0.6484941369917353,0.03417635403243145,1.014743490112141,0.008616738774450345
2025,M4 logit,218917,0.6437110901625672,0.2270699211249738,0.6467063606152029,0.03053073278997779,0.9866172828075046,0.010274924219587908
2025,M4 hgb,218917,0.641788837145071,0.2262501842204271,0.6507474624358446,0.031607493339049365,1.0210764676746922,0.007522768241640902
2026,M0 constant,219109,0.6915022631752765,0.2491779401661046,0.5,0.016897186548694154,,0.004535454373226324
2026,M1 distance,219109,0.6538921434793321,0.23069945138549802,0.6458391853993639,0.05261380177017904,1.0541808055645878,0.015884340252970995
2026,M2 logit,219109,0.6535440928579163,0.23056337129353377,0.6452330508155767,0.04785846538226346,1.0560370910940684,0.013480753849299847
2026,M2 hgb,219109,0.649926867084146,0.22922221605734838,0.6498033911885125,0.057810296263825375,1.1162124008879413,0.01727539033113945
2026,M3 logit,219109,0.6420639454768351,0.22633392415582745,0.6521035206552013,0.03467523093264843,1.01974140036418,0.010064444311114773
2026,M3 hgb,219109,0.6410655999347463,0.22593755556437325,0.655194122653869,0.03875060638322403,1.0549473212600156,0.009937782745305629
2026,M4 logit,219109,0.6418072277381539,0.22621524124580772,0.6531502170807321,0.033963855296682485,1.0207003600416447,0.00942195179080605
2026,M4 hgb,219109,0.640307811519335,0.2256069974845085,0.656939046395038,0.03454694765617705,1.0365761782403393,0.008781476682691422
