season,person_id,n,pps,xpps,pae,v,tau2,k,pae_shrunk,post_sd,player_name
2025,1641731,624,0.9439102564102564,1.1084642691836013,-0.16455401277334492,0.0020700678472722225,0.005017829526216474,0.7079433098149776,-0.11649491244609789,0.038281727799819365,Coulibaly
2021,1630197,406,0.8275862068965517,1.0221443566592199,-0.19455814976266816,0.003688120079477673,0.005720762708198518,0.6080172149334887,-0.1182947043613101,0.04735441372316093,Pokusevski
2021,1629647,689,0.9129172714078374,1.0739937560630248,-0.16107648465518742,0.0019766465888903465,0.005720762708198518,0.7432062512723718,-0.11971305032871357,0.03832826765481993,Bazley
2026,1641772,314,1.0414012738853504,1.2606513799150616,-0.21925010602971118,0.0039693327829992435,0.004818209711840117,0.5483000184260498,-0.12021483717600401,0.046651744212382974,Tomlin
2023,1629652,872,0.9323394495412844,1.0965911528795143,-0.1642517033382298,0.0016574200769906044,0.004729887705007266,0.7405135099858638,-0.12163060536014939,0.03503344057801564,Dort
2021,1626224,586,0.9163822525597269,1.0941505461794203,-0.17776829361969337,0.002619746507494771,0.005720762708198518,0.6859008916906988,-0.12193143110808165,0.04238969763390932,Osman
2021,1630171,559,0.9516994633273703,1.1312309156903715,-0.17953145236300116,0.002370307659524224,0.005720762708198518,0.7070464658199043,-0.12693707889677447,0.04093797324700445,Okoro
2020,1629628,726,0.8911845730027548,1.0693104948997558,-0.17812592189700105,0.0016614371196973469,0.004123785332124418,0.7128136154601694,-0.12697058239457706,0.03441358743506983,Barrett
2025,203991,390,1.117948717948718,1.2972388525107936,-0.17929013456207565,0.0020044539668204785,0.005017829526216474,0.7145580965496445,-0.12811321728280642,0.037845723815942874,Capela
2025,1642274,491,1.0957230142566192,1.267183826373657,-0.1714608121170378,0.0016278931580261927,0.005017829526216474,0.7550464809664708,-0.12946088281262258,0.0350590216685673,Missi
2020,1626178,328,0.9542682926829268,1.1732896915332505,-0.21902139885032368,0.002852685924638478,0.004123785332124418,0.5910990213178156,-0.12946333450808525,0.0410636074667206,Hollis-Jefferson
2021,203083,571,0.9877408056042032,1.1520280056103502,-0.16428720000614705,0.001521776904145058,0.005720762708198518,0.7898835235154987,-0.1297677524093509,0.034670253864813365,Drummond
2025,1642275,345,0.8289855072463768,1.0807042131061446,-0.25171870585976786,0.004602991811134028,0.005017829526216474,0.521559371104416,-0.131286249923438,0.04899728068182805,Salaün
2022,1630591,547,0.8007312614259597,1.0327448884033108,-0.23201362697735106,0.0024112244698726343,0.0043681384487047736,0.6443287520033506,-0.14949305071808752,0.03941600250498489,Suggs
2025,1642367,354,0.9293785310734464,1.2138011535998472,-0.2844226225264008,0.0028864570592985915,0.005017829526216474,0.6348238353872259,-0.18055826010310297,0.04280644508791247,Mogbo
