season,team,n_off,pps_off,xpps_off,pae_off,v_off,n_def,pps_def,xpps_def,pae_def,v_def
2020,1610612737,6052,1.0323859881031063,1.092094447555463,-0.0597084594523567,0.00022012371162405788,6056,1.0898282694848085,1.0889153377319247,0.000912931752883761,0.00021422213139579737
2020,1610612738,6424,1.0653798256537983,1.050780514747647,0.014599310906151297,0.00020897114387165267,6246,1.020333013128402,1.0418001840618885,-0.02146717093348638,0.00021695838976892927
2020,1610612739,5706,1.045390816684192,1.0796157480545117,-0.03422493137031957,0.00022813426486416248,5800,1.1217241379310345,1.0995961625513018,0.022127975379732767,0.00022451658354556106
2020,1610612740,6577,1.0813440778470427,1.0751694924332544,0.006174585413788236,0.00020625733310892947,6590,1.0669195751138087,1.067527931663496,-0.0006083565496872723,0.00019987937370039054
2020,1610612741,5749,1.0330492259523396,1.0893854025073764,-0.056336176555036754,0.00023263947182969094,5352,1.095291479820628,1.0942090281287413,0.0010824516918865879,0.0002466090347686602
2020,1610612742,6751,1.0937638868315804,1.062983566218992,0.030780320612588508,0.00021083407289392166,6856,1.0504667444574096,1.0607103554296757,-0.010243610972266115,0.00019457607524605853
2020,1610612743,6469,1.0721904467460195,1.0524461884996072,0.01974425824641224,0.00020002627781507166,6294,1.0681601525262154,1.0777910756183233,-0.00963092309210789,0.00021239267438176698
2020,1610612744,5714,0.9971998599929996,1.0306797787841733,-0.033479918791173624,0.00022677316973896902,5741,1.1076467514370318,1.0449979885554872,0.06264876288154464,0.00023327688894874494
2020,1610612745,6499,1.0763194337590398,1.1060948042880474,-0.029775370529007583,0.00022625019561689993,6569,1.061044298980058,1.0722739298998192,-0.011229630919761258,0.0002030176832766742
2020,1610612746,6411,1.0729995320542818,1.0672056509097743,0.005793881144507518,0.00020736426243321234,6475,1.0159073359073358,1.0590743561717324,-0.04316702026439656,0.00020962092070039916
2020,1610612747,6254,1.0863447393668053,1.0851623594251367,0.0011823799416685876,0.00020767716116726112,6174,1.0317460317460319,1.0688761324045106,-0.03713010065847877,0.00021688369935209852
2020,1610612748,6136,1.0982724902216427,1.0697898107943142,0.028482679427328517,0.0002227773802564174,6314,1.0471967057332912,1.064659089246199,-0.017462383512907742,0.00022178960950956298
2020,1610612749,6628,1.1054616777308388,1.0778078178740722,0.027653859856766605,0.0002087401472184251,6841,0.980266042976173,1.0324728954976694,-0.05220685252149637,0.00020253113689263434
2020,1610612750,5853,1.028874081667521,1.0733940495311076,-0.044519967863586585,0.00023705266053305592,5775,1.0834632034632035,1.0625464314002655,0.02091677206293796,0.00022508146260848006
2020,1610612751,6482,1.0424251774143782,1.0954958349564792,-0.05307065754210094,0.00021235936172278984,6674,1.024722804914594,1.0429380734966391,-0.01821526858204514,0.00020018486778378215
2020,1610612752,5889,1.0030565461029037,1.0592310099201951,-0.05617446381729141,0.0002129315624556794,5666,1.0834804094599364,1.076845821611936,0.006634587848000306,0.00023906098240609344
2020,1610612753,6441,1.016301816488123,1.0372270257953409,-0.020925209307217862,0.00020491139615484786,6333,1.0723195957681984,1.046988205126446,0.02533139064175227,0.00021187648329019807
2020,1610612754,6446,1.0693453304374807,1.0432392054476936,0.02610612498978715,0.0001971247683423679,6443,1.0248331522582648,1.0622307795016757,-0.03739762724341089,0.00020674408218072376
2020,1610612755,6405,1.0691647150663544,1.0422584820364238,0.02690623302993056,0.00020448643445223174,6263,1.0488583745808717,1.056926676674739,-0.008068302093867219,0.00020572076542769375
2020,1610612756,6416,1.0665523690773067,1.0859963388933722,-0.019443969816065554,0.00020297119189042947,6362,1.0798491040553284,1.088217059652548,-0.00836795559721959,0.00020596255882942454
2020,1610612757,6733,1.0683202138719738,1.0596645338413078,0.00865568003066608,0.0001990766047812756,6761,1.0624168022481881,1.0773859781668533,-0.0149691759186652,0.00019840554418013994
2020,1610612758,6352,1.0700566750629723,1.0396664256789327,0.030390249384039558,0.0002130657526676529,6139,1.0892653526633003,1.0583896466904865,0.03087570597281375,0.0002221576484563097
2020,1610612759,6335,1.0655090765588002,1.0188606335731525,0.04664844298564774,0.00020196386804027084,6391,1.0857455797214834,1.0690132787990736,0.01673230092240985,0.00020983101233039718
2020,1610612760,6132,1.063600782778865,1.0350875587049386,0.028513224073926313,0.00021215723855304866,6438,1.0388319353836595,1.0434793486044884,-0.004647413220828955,0.0002054957043713489
2020,1610612761,6317,1.0747190121893304,1.0963465957085263,-0.021627583519195914,0.00021805979126080833,6342,1.0067801955219173,1.080570919098595,-0.07379072357667771,0.00022234666172207427
2020,1610612762,6105,1.1027027027027028,1.0524359642073426,0.05026673849536012,0.00022599043657853737,6392,1.040362953692115,1.023721599562604,0.016641354129511177,0.00020469471425678892
2020,1610612763,6618,1.0592323964944093,1.0699385676151045,-0.010706171120695274,0.0001952948727053303,6576,1.0442518248175183,1.073408786041984,-0.02915696122446576,0.00020485452055447358
2020,1610612764,6524,1.0481299816063765,1.0414009041439962,0.006729077462380273,0.0002008239809519219,6347,1.1187962817078936,1.0531345877529992,0.0656616939548944,0.00020843838746449178
2020,1610612765,5643,1.059365585681375,1.045488770040409,0.0138768156409661,0.00023662594611680384,5754,1.0846367744177963,1.0469129036073905,0.037723870810405735,0.00022296301883738043
2020,1610612766,5571,1.0109495602225813,1.0620294308339038,-0.051079870611322464,0.0002421823215447735,5668,1.096683133380381,1.073256590430845,0.023426542949535945,0.00023821797075407244
2021,1610612737,6269,1.0797575370872547,1.0687659483103313,0.010991588776923411,0.00021083842168932937,6403,1.0615336560987036,1.0756647678694469,-0.014131111770743221,0.00020748659394602954
2021,1610612738,6381,1.089014261087604,1.0268407435490823,0.06217351753852163,0.00021424072277148376,6179,1.0802718886551221,1.024026921029324,0.056244967625798115,0.0002194932241424233
2021,1610612739,6169,1.0173447884584212,1.0882383942596807,-0.07089360580125947,0.0002083701078221814,6230,1.1131621187800964,1.0936828755726893,0.019479243207407126,0.00021019373099186048
2021,1610612740,6392,1.075250312891114,1.0680728781814046,0.007177434709709329,0.00020026819907567587,6416,1.1022443890274314,1.0576564381794322,0.04458795084799916,0.0002159386963568015
2021,1610612741,6365,1.0952081696779261,1.0598545937758757,0.03535357590205046,0.00020962675080134685,6304,1.0778870558375635,1.059626838215871,0.01826021762169261,0.0002091863942130068
2021,1610612742,6271,1.1014192313825546,1.0626071388901683,0.03881209249238626,0.00022233502375356052,6246,1.0718860070445084,1.0582006124146601,0.013685394629848302,0.00021822329956350698
2021,1610612743,6405,1.117096018735363,1.0343422005037857,0.08275381823157724,0.00020891341313859443,6134,1.0917835017932833,1.0457315760758972,0.046051925717386144,0.0002240045582572336
2021,1610612744,6328,1.1047724399494312,1.0553200986910762,0.04945234125835496,0.00022001496924895826,6396,1.0447154471544715,1.0224298471270137,0.02228560002745783,0.0002106315082774928
2021,1610612745,6360,1.0437106918238994,1.0742229550061357,-0.03051226318223632,0.0002230475077242822,6401,1.111701296672395,1.0570242665026637,0.054677030169731244,0.0002112701884771492
2021,1610612746,6226,1.131063283006746,1.04464031108947,0.08642297191727599,0.00021890318611509277,6211,1.0637578489776203,1.0440043469560638,0.019753502021556457,0.0002154808320333018
2021,1610612747,6184,1.0747089262613196,1.064158740392401,0.010550185868918538,0.00021200722356027254,6207,1.0534879974222653,1.0609116952344726,-0.007423697812207308,0.00021350445363983717
2021,1610612748,6014,1.0941137346192218,1.059931343437535,0.034182391181686755,0.0002314761911659336,6127,1.0860127305369676,1.0503877942738953,0.03562493626307228,0.0002333247575427818
2021,1610612749,6601,1.133161642175428,1.0625433699951847,0.0706182721802433,0.00020572103032603144,6675,1.0744569288389514,1.0406969407227913,0.0337599881161601,0.00020675717988512366
2021,1610612750,6533,1.0420939843869585,1.0816193962111285,-0.03952541182416991,0.00020802575993023807,6415,1.1131722525331256,1.0644851658315062,0.048687086701619364,0.00020576486499594482
2021,1610612751,6277,1.1521427433487335,1.0909437600915828,0.061198983257150674,0.00021674055104794424,6558,1.0651113144251296,1.0557982508777572,0.00931306354737238,0.00020626663438505076
2021,1610612752,6217,1.049541579539971,1.035318129494659,0.014223450045312003,0.0002096199168117858,6200,1.02,1.0730732342633484,-0.05307323426334842,0.00021959343555147897
2021,1610612753,6413,0.9811320754716981,0.9978616329490712,-0.016729557477373036,0.00020586400144586542,6448,1.0956885856079404,1.0410766729136116,0.054611912694328746,0.00021188443244598903
2021,1610612754,6561,1.0850480109739369,1.0773315005001418,0.0077165104737950685,0.0002020477301051544,6563,1.0635380161511503,1.08276375068412,-0.019225734532969607,0.00019579696872662442
2021,1610612755,6247,1.0842004161997758,1.0405336186620775,0.04366679753769831,0.00020756866344705978,6250,1.04432,1.0607056449926735,-0.016385644992673587,0.0002122970571666013
2021,1610612756,6345,1.13096926713948,1.0420953077408883,0.08887395939859166,0.00021359113697884605,6236,1.0692751763951251,1.0464003730412852,0.022874803353839956,0.00021337158443719958
2021,1610612757,6548,1.08094074526573,1.067543085116943,0.013397660148787072,0.00021714238077055333,6334,1.0959898958004421,1.0723599537364243,0.023629942064017806,0.00021317877680982424
2021,1610612758,6367,1.1006753573111356,1.0453784360606053,0.05529692125053032,0.00020849493655485983,6425,1.1156420233463036,1.0488788863796645,0.06676313696663905,0.00020464254129744393
2021,1610612759,6512,1.0356265356265357,1.0174602131733408,0.01816632245319494,0.00019470996758168252,6459,1.0829849821953863,1.050942313378563,0.03204266881682338,0.00020275562467271608
2021,1610612760,6318,1.019468186134853,1.0520643873921065,-0.0325962012572536,0.00021423218524264256,6594,1.0955414012738853,1.0605492549013864,0.03499214637249892,0.00020655862340840888
2021,1610612761,6367,1.0615674572011937,1.0437127450509835,0.017854712150210172,0.00022093963141867315,6087,1.0869065220962708,1.041457967339797,0.0454485547564738,0.0002301498823060065
2021,1610612762,6329,1.129246326433876,1.0567044957644345,0.07254183066944142,0.00023231432967037505,6567,1.0146185472818638,1.0169317946856722,-0.0023132474038083384,0.00019927601378538404
2021,1610612763,6603,1.0555807966076025,1.0554837165532283,9.708005437425449e-05,0.00019565087939891018,6375,1.071686274509804,1.0713388996203397,0.0003473748894642359,0.00021142519585743035
2021,1610612764,6538,1.062863260936066,0.9923885209851675,0.07047473995089848,0.0001935594653976782,6583,1.0788394349080965,0.9840509527922623,0.09478848211583424,0.00020125819338562303
2021,1610612765,6154,1.0396490087747807,1.043146027990564,-0.0034970192157832702,0.0002172380824473703,6247,1.0848407235473028,1.0373440708667854,0.04749665268051739,0.00020982895461336043
2021,1610612766,6307,1.0673854447439353,1.0673026163277277,8.282841620754766e-05,0.00021690325831902053,6331,1.1029853103775076,1.078546232912269,0.024439077465238546,0.00022244963145891272
2022,1610612737,7227,1.0868963608689637,1.0754819996573268,0.011414361211636859,0.00018627939387782144,7274,1.0885345064613692,1.0811740145382547,0.007360491923114498,0.00018621039524636176
2022,1610612738,7157,1.0852312421405617,1.037738154942402,0.04749308719815959,0.00019471975233955425,7199,1.005695235449368,1.0167488764179102,-0.011053640968542222,0.00018943221944836872
2022,1610612739,6930,1.0764790764790764,1.097124743054529,-0.020645666575452637,0.0001914872343210196,7134,1.0417717970283151,1.094831127566518,-0.053059330538202776,0.0001863769150213761
2022,1610612740,7191,1.0367125573633709,1.0498025341432686,-0.01308997677989776,0.0001842951178044084,6999,1.0948706958136876,1.0471991926265212,0.0476715031871664,0.0001982097035013877
2022,1610612741,7108,1.0851153629713,1.0558610132180597,0.02925434975324026,0.00018101826769302036,7155,1.083717679944095,1.077873316054002,0.005844363890093129,0.00018396480439821332
2022,1610612742,6964,1.079408385985066,1.0640208281698118,0.01538755781525425,0.00020187471976215285,6985,1.0438081603435934,1.0544058805030634,-0.010597720159470025,0.00019132828161258104
2022,1610612743,7054,1.1158208108874397,1.0553522180795756,0.0604685928078641,0.00019560997700257004,7148,1.0775041969781758,1.0411613731429508,0.036342823835225024,0.00018959781746464113
2022,1610612744,7061,1.1073502336779493,1.0515259169840032,0.05582431669394605,0.0002017985168663143,7073,1.0210660257316555,1.020891666954234,0.00017435877742144612,0.00019655702627682401
2022,1610612745,7062,1.070518266779949,1.0963220522430934,-0.025803785463144324,0.000197367683251612,7358,1.1106278880130471,1.0825268669794863,0.028101021033560825,0.00018513838315208648
2022,1610612746,7151,1.0651657110893582,1.0454572928695418,0.019708418219816393,0.00019037479593478617,7412,1.0308958445763627,1.0538961238568425,-0.023000279280479763,0.00018062178894395135
2022,1610612747,7269,1.0738753611225753,1.0630408076151527,0.010834553507422573,0.00018520282371974964,7402,1.082680356660362,1.0692211560998746,0.013459200560487439,0.00018338771282522457
2022,1610612748,6928,1.097430715935335,1.0556622671880171,0.04176844874731778,0.00020125638267960664,6875,1.050181818181818,1.0556213552498654,-0.00543953706804734,0.00020895815938559264
2022,1610612749,7317,1.0948476151428181,1.0615253415065369,0.03332227363628126,0.00019180516626091793,7416,1.0744336569579287,1.0588444152089258,0.015589241749002891,0.00019139538602986153
2022,1610612750,7437,1.0801398413338712,1.094395285320092,-0.014255443986220806,0.00019042501700216945,7142,1.073508821058527,1.0839323086144839,-0.01042348755595679,0.0001942348078644178
2022,1610612751,7242,1.0803645401822701,1.0624784052419556,0.017886134940314546,0.0001822056482234141,7378,1.0444564922743291,1.0738162210192164,-0.029359728744887237,0.00018463798707449275
2022,1610612752,7061,1.0278997309163007,1.0796876835991913,-0.0517879526828906,0.0001976255253814943,7031,1.044801592945527,1.076938015838467,-0.03213642289293994,0.00019831610467976272
2022,1610612753,7224,1.0073366555924697,1.0468674431826486,-0.03953078759017892,0.0001917825099968262,7282,1.0675638560834935,1.0409657719551337,0.026598084128359734,0.00018954127479446167
2022,1610612754,7313,1.0656365376726378,1.0587289151822112,0.006907622490426535,0.00018664890183742614,7204,1.1038312048861743,1.0608839412370912,0.04294726364908308,0.00018431861959327333
2022,1610612755,6917,1.071273673557901,1.0499628664759035,0.021310807081997396,0.00019403208635689238,7084,1.0494071146245059,1.0615722160857588,-0.012165101461252936,0.00018874695562396237
2022,1610612756,7374,1.100216978573366,1.0281168895204393,0.07210008905292664,0.0001792680595500768,7225,1.0217301038062283,1.0214800866670537,0.00025001713917460755,0.00018755135908278843
2022,1610612757,7130,1.032959326788219,1.0765331105909526,-0.04357378380273369,0.00019522723970904742,7028,1.1205179282868525,1.1016142690934283,0.018903659193424183,0.0001983574197406072
2022,1610612758,7207,1.0512002220063827,1.0461973265392301,0.005002895467152602,0.00018614345615741994,7405,1.1051991897366644,1.0546552933910054,0.050543896345659034,0.00018177548991588768
2022,1610612759,7584,1.056698312236287,1.0333533348202566,0.023344977416030366,0.00017269613460417531,7457,1.0665146841893522,1.0483184144823143,0.018196269707037915,0.00017802179117629768
2022,1610612760,7301,0.9961649089165868,1.0224355360879285,-0.026270627171341654,0.000189782660556755,7406,1.0677828787469619,1.0349840707777824,0.032798807969179444,0.00018915079198106262
2022,1610612761,7469,1.022492970946579,1.0477308931977354,-0.025237922251156286,0.00017862221034944435,6897,1.0736552124111933,1.0677723297128998,0.005882882698293512,0.00019941441839382477
2022,1610612762,7050,1.1120567375886525,1.0474193902407893,0.0646373473478632,0.0002055696608800646,7297,1.0441277237220776,1.0188576978597346,0.02527002586234306,0.000186688005823199
2022,1610612763,7723,1.0471319435452544,1.0641158386480651,-0.01698389510281073,0.00016878393794647853,7256,1.046582138919515,1.0799413861608345,-0.033359247241319556,0.00018450244387203322
2022,1610612764,7040,1.066903409090909,1.0259474411378875,0.04095596795302159,0.0001863881329959542,7265,1.0607019958706125,1.0118183770855311,0.048883618785081406,0.00018128614377534985
2022,1610612765,7245,0.9914423740510697,1.029784630004184,-0.038342255953114246,0.00018810681821588326,7043,1.083629135311657,1.0445596791046723,0.039069456206984654,0.00019080434504334664
2022,1610612766,7471,1.0920894123945923,1.091039322904897,0.0010500894896954271,0.00018309894699677126,7377,1.0889250372780264,1.077282202665074,0.011642834612952457,0.00018836060793894552
2023,1610612737,7561,1.0842481153286603,1.0710873936460696,0.013160721682590637,0.00016977191511331812,7382,1.1057978867515579,1.1032622525325406,0.0025356342190172576,0.00017869461009114294
2023,1610612738,7265,1.1335168616655196,1.062186949429332,0.07132991223618768,0.00020047326417063275,7383,1.056210212650684,1.02796778137108,0.02824243127960413,0.00018137199970384864
2023,1610612739,6972,1.1138841078600115,1.1004294816115092,0.013454626248502244,0.00018813150962078263,6828,1.0724956063268893,1.0779214712565965,-0.005425864929707203,0.00019391451949119236
2023,1610612740,7158,1.0882928192232466,1.0560869946135434,0.032205824609703226,0.0001815092149800041,7090,1.08787023977433,1.0644157059328767,0.02345453384145335,0.00019462749342870423
2023,1610612741,7112,1.1009561304836895,1.067520785563876,0.03343534491981348,0.00018088045399096796,7122,1.0897219882055602,1.0941243152923448,-0.004402327086784563,0.00019452433959822265
2023,1610612742,6877,1.135524211138578,1.080310417819478,0.055213793319099924,0.0002128689676432669,7052,1.1003970504821328,1.0638951330765845,0.03650191740554831,0.00018849087374770386
2023,1610612743,7058,1.1487673561915557,1.0714400135834077,0.077327342608148,0.0001854744315910107,7158,1.086756077116513,1.0506887571119068,0.03606732000460622,0.00018770405581140657
2023,1610612744,7367,1.1446993348717254,1.0536375253749888,0.09106180949673659,0.00019757161020440242,7399,1.0825787268549805,1.021111460091808,0.06146726676317238,0.00018458667179883364
2023,1610612745,7270,1.0335625859697386,1.051473342867897,-0.017910756898158464,0.00018001747368493994,7220,1.1282548476454293,1.0668442947761119,0.0614105528693174,0.00019500436439968087
2023,1610612746,7040,1.1048295454545454,1.0536016734627862,0.051227871991759155,0.00019224889958577895,7232,1.0868362831858407,1.051903123493963,0.0349331596918776,0.00018600208011489454
2023,1610612747,7285,1.085929993136582,1.0620508179835308,0.023879175153051158,0.00017923952851887527,7679,1.0729261622607111,1.0557455703148173,0.01718059194589383,0.00017736610714138055
2023,1610612748,6981,1.0614525139664805,1.0454922490083698,0.01596026495811076,0.00019812144710024186,6807,1.123843102688409,1.055889925017097,0.06795317767131204,0.00020651176325370098
2023,1610612749,7395,1.1118323191345503,1.0735815647192186,0.038250754415331656,0.00019227592300038437,7627,1.0424806608102792,1.049326084717609,-0.006845423907329673,0.00017444898261365302
2023,1610612750,7143,1.123337533249335,1.0849517233124635,0.03838580993687146,0.00018688658116355607,7260,1.0830578512396694,1.0711296919177433,0.011928159321926035,0.0001836834404130335
2023,1610612751,6969,1.1258430190845172,1.0704214523096884,0.05542156677482879,0.00019603220964595065,7242,1.0615851974592654,1.0680539278301207,-0.006468730370855269,0.00018298061151621783
2023,1610612752,7317,1.083094164274976,1.0909626177006029,-0.007868453425626809,0.00018614677302818247,7208,1.0745005549389568,1.0815653982558089,-0.0070648433168520874,0.0001913984874315294
2023,1610612753,7062,1.06612857547437,1.0512609135456281,0.014867661928741782,0.00018660820376845334,7107,1.102997045166737,1.0736322617834335,0.029364783383303505,0.00019540245156387398
2023,1610612754,7325,1.0913310580204778,1.076922019644233,0.014409038376244743,0.0001884447036736714,7307,1.1108526070890927,1.0840755212396094,0.02677708584948335,0.00018196157335132889
2023,1610612755,6853,1.1273894644681162,1.0640598680939681,0.06332959637414803,0.0001977923796255492,6986,1.0840251932436302,1.0779642634353188,0.0060609298083114105,0.00019274062427927026
2023,1610612756,7373,1.0724264207242642,1.0409874032257362,0.031439017498527955,0.0001805214163209268,7024,1.0670558086560364,1.0589377433209155,0.008118065335120939,0.00018960988715093966
2023,1610612757,6988,1.0995993131081854,1.0972104367117037,0.002388876396481665,0.00019634042309720837,7157,1.1267290764286713,1.1069816393644867,0.01974743706418458,0.00018544786188224877
2023,1610612758,7220,1.145983379501385,1.0738392944776902,0.07214408502369474,0.00019278457398057673,7266,1.128543903110377,1.0499539120851644,0.07858999102521258,0.00018506316875173572
2023,1610612759,7573,1.0533474184603195,1.045976074582173,0.007371343878146641,0.00017343217642860022,7448,1.1541353383458646,1.0718366962235097,0.08229864212235483,0.00017569989065645855
2023,1610612760,7577,1.0638775240860499,1.065499455405902,-0.0016219313198522212,0.00017522437620402459,7223,1.0982971064654576,1.0668058879927194,0.03149121847273828,0.00019052175296110381
2023,1610612761,7464,1.0380493033226152,1.0660552161510548,-0.02800591282843956,0.00017480756106858162,6736,1.131977434679335,1.0879034173993065,0.044074017280028466,0.0002004080297988676
2023,1610612762,7346,1.0973318812959434,1.0446046601695704,0.05272722112637296,0.00018933007748191499,7493,1.0850126784999332,1.034603281650894,0.05040939684903911,0.0001794833526477728
2023,1610612763,7531,1.0820608152967732,1.0827907666975112,-0.0007299514007379493,0.0001768576693248031,7347,1.054171770790799,1.0851520873037246,-0.030980316512925654,0.00018543809547931592
2023,1610612764,7106,1.1016042780748663,1.032172758068527,0.06943152000633934,0.00018675587542100935,7348,1.0813826891671203,1.0326696232034578,0.04871306596366254,0.00018049292392823704
2023,1610612765,7121,1.0422693441932314,1.040587467627685,0.001681876565546414,0.00018831304416992898,7206,1.1171246183735777,1.0578406652523031,0.059283953121274546,0.00018615180227533003
2023,1610612766,7402,1.0336395568765198,1.0853847161757895,-0.051745159299269705,0.00017689212030188653,7374,1.091402224030377,1.0752608022809622,0.016141421749414686,0.0001817311863901222
2024,1610612737,7565,1.0816920026437542,1.0843966746369609,-0.0027046719932066754,0.00018100463304783954,7373,1.1477010714770106,1.1142606721406971,0.03344039933631349,0.0001842659483429659
2024,1610612738,7384,1.1579089924160346,1.0748027689755073,0.08310622344052732,0.0001952021838806732,7492,1.049786438868126,1.04256903866378,0.007217400204345914,0.00018323057976000557
2024,1610612739,7137,1.1146139834664426,1.1117867216499266,0.0028272618165159358,0.00019300897417736128,7155,1.0722571628232005,1.0834252389657466,-0.011168076142546113,0.00018806461150548776
2024,1610612740,7142,1.1184542145057408,1.057908493848331,0.06054572065740982,0.0001875928195274681,7139,1.0841854601484802,1.0819058346599295,0.0022796254885506517,0.00019819042218344746
2024,1610612741,7326,1.0697515697515698,1.0658551659645359,0.0038964037870339308,0.00018101769667741707,7115,1.114968376669009,1.103624942214242,0.011343434454767154,0.00019942354760888421
2024,1610612742,7333,1.1273694258829947,1.0874683157492406,0.03990111013375408,0.00019190110270976373,7398,1.096647742633144,1.0740557235629342,0.0225920190702098,0.0001840016051935434
2024,1610612743,7254,1.1273779983457404,1.0787197790442558,0.04865821930148462,0.00017987548598439085,7187,1.0550994851815778,1.0621989567741834,-0.0070994715926056,0.00018376463456809888
2024,1610612744,7495,1.1166110740493662,1.0406934193047277,0.07591765474463852,0.00018611586895146405,7402,1.0799783842204809,1.0243700160059008,0.05560836821458004,0.00018793844691496778
2024,1610612745,7425,1.063030303030303,1.0586175242392002,0.0044127787911028005,0.00018366280030508773,7212,1.067249029395452,1.0501596832226088,0.01708934617284319,0.00019117251972260518
2024,1610612746,7097,1.124700577708891,1.0652499672060707,0.0594506105028203,0.00018962520467547407,7275,1.0831615120274913,1.0572014057405361,0.02596010628695522,0.00018843797902648744
2024,1610612747,7158,1.1356524168762223,1.074683765709319,0.06096865116690342,0.00018327339365622732,7675,1.101758957654723,1.0550286435473109,0.04673031410741224,0.0001796740848886658
2024,1610612748,7007,1.0780647923505067,1.0399017891209779,0.038163003229528814,0.0001954408365623823,7038,1.0880932082978119,1.0502606657339555,0.037832542563856375,0.00019982760908983222
2024,1610612749,7246,1.1370411261385591,1.071931220380613,0.06510990575794606,0.00019307075760190118,7519,1.0796648490490757,1.0572284459150016,0.022436403134074023,0.0001792963167096136
2024,1610612750,6955,1.1214953271028036,1.0759059835259177,0.04558934357688593,0.00019311575356347228,7101,1.0326714547246867,1.0543368905543449,-0.021665435829658186,0.00018856836604145918
2024,1610612751,7282,1.064405383136501,1.0774031235483734,-0.012997740411872405,0.00019005065360206566,7236,1.0894140409065782,1.0739735118699139,0.015440529036664374,0.00018791974533377437
2024,1610612752,7263,1.080820597549222,1.0870361253998513,-0.006215527850629288,0.00018950745861620618,7010,1.0888730385164052,1.0989971432591263,-0.010124104742721185,0.00019433195101564702
2024,1610612753,6944,1.0852534562211982,1.0763289329186077,0.008924523302590526,0.00019018209090938967,6867,1.0882481432940148,1.0568751572165789,0.03137298607743588,0.0001966372224572869
2024,1610612754,7585,1.1591298615688859,1.0685944805730174,0.09053538099586844,0.00017692434904224624,7343,1.1143946615824596,1.056728224577288,0.0576664370051716,0.0001748315934294211
2024,1610612755,7321,1.065018440103811,1.0632163684401807,0.0018020716636302225,0.00018259919644570606,7083,1.0762388818297333,1.088851589145187,-0.01261270731545383,0.00018985907831977808
2024,1610612756,7058,1.1311986398413147,1.0630630863134676,0.06813555352784717,0.00019008882307316785,7416,1.0736245954692556,1.0764396479763376,-0.0028150525070820276,0.00018353502479593592
2024,1610612757,7341,1.0070835036098624,1.0458378049402828,-0.03875430133042035,0.00018264997207725835,7085,1.1188426252646435,1.0812237235769544,0.03761890168768911,0.00018894866289588573
2024,1610612758,7446,1.1125436475960246,1.058125706609137,0.05441794098688768,0.00018875738154961198,7101,1.1128010139416984,1.0421769473836755,0.07062406655802289,0.00019142780387398703
2024,1610612759,7419,1.0664510041784607,1.0878709341944466,-0.021419930015985855,0.00018320258113605064,7553,1.113200052959089,1.0862456762190449,0.026954376740044195,0.00017500278338900853
2024,1610612760,7319,1.1471512501707883,1.078184556329585,0.06896669384120324,0.0001836144966848201,7303,1.0621662330549089,1.0736201974181125,-0.011453964363203673,0.00018999087537501183
2024,1610612761,7344,1.0721677559912854,1.085581313932456,-0.013413557941170495,0.0001804501929197867,7456,1.1343884120171674,1.0906634365721135,0.04372497544505394,0.000181185526973659
2024,1610612762,7353,1.0806473548211615,1.0548361088990097,0.025811245922151782,0.00018759127806984636,7497,1.136187808456716,1.0570821581794854,0.07910565027723071,0.0001834088756544752
2024,1610612763,7203,1.0219353047341386,1.0735723367971393,-0.05163703206300063,0.00019479158435422434,7112,1.1051743532058493,1.0990525053247937,0.006121847881055631,0.00019111144220458897
2024,1610612764,7477,1.0777049618831083,1.0629173593166732,0.014787602566435076,0.00018091219725257653,7598,1.1259541984732824,1.0656747642067346,0.060279434266547804,0.00017422787412929504
2024,1610612765,7213,1.0553167891307362,1.0551160247217277,0.00020076440900851367,0.0001837001532310029,7281,1.1189397060843291,1.0474063884835987,0.07153331760073045,0.00018306229945487027
2024,1610612766,7111,1.0618759668119815,1.0649482379914177,-0.0030722711794362034,0.0001908220287620044,7181,1.145801420414984,1.087430722967261,0.05837069744772294,0.0001921222854443791
2025,1610612737,7503,1.095028655204585,1.1100555962772143,-0.015026941072629363,0.0001815790270949828,7378,1.1236107346164272,1.106789584673766,0.01682114994266115,0.00018662619266476225
2025,1610612738,7367,1.1243382652368672,1.0713155105011398,0.05302275473572737,0.00020659572164591502,7311,1.0475995075913007,1.0434330236407585,0.004166483950542199,0.00019056462281247035
2025,1610612739,7429,1.1581639520796878,1.1094607242991184,0.04870322778056946,0.00019114479095792256,7434,1.0575733118105999,1.0863123612044268,-0.028739049393826877,0.00018519686849913182
2025,1610612740,7359,1.0395434162250305,1.0779084320530963,-0.03836501582806573,0.00018372273291540682,7397,1.1309990536704069,1.1045123070649288,0.026486746605478118,0.00019033593750372873
2025,1610612741,7527,1.1088082901554404,1.100774613249976,0.008033676905464304,0.00019028175308972347,7774,1.0807820941600206,1.0991770580168385,-0.018394963856817936,0.00017680516371473796
2025,1610612742,7174,1.1020351268469473,1.0724592633293824,0.029575863517564915,0.0001893244684891951,7507,1.0811242840015984,1.0842555402245397,-0.0031312562229413032,0.00018000741304801174
2025,1610612743,7318,1.1509975403115604,1.0861212215603109,0.06487631875124955,0.00017819933038945153,7611,1.0857968729470504,1.0725379345025994,0.01325893844445103,0.00018180184409167954
2025,1610612744,7389,1.0752469887670861,1.057848405556648,0.01739858321043819,0.00019625573776100994,7104,1.0851632882882882,1.0295932872834777,0.055570001004810576,0.00019737334618199755
2025,1610612745,7640,1.0479057591623038,1.0617842234990467,-0.01387846433674289,0.00017658479537809894,7226,1.0592305563243842,1.0561284756451768,0.003102080679207475,0.00018840023563869006
2025,1610612746,7065,1.1096956829440905,1.0685273350719509,0.04116834787213963,0.00019164504850683917,7008,1.0760559360730593,1.068547300317963,0.0075086357550961935,0.00020044190706246338
2025,1610612747,6985,1.1172512526843235,1.0789080882787396,0.03834316440558383,0.00019837762269048727,7295,1.0815627141878,1.0669606540873362,0.01460206010046372,0.00019178450945090035
2025,1610612748,7120,1.0898876404494382,1.0724622678867053,0.01742537256273291,0.00019697836949941996,7241,1.0887998895180224,1.0768461381852135,0.01195375133280896,0.00019355072201732295
2025,1610612749,7068,1.1382286361063951,1.0853146844917925,0.05291395161460266,0.0001958207559935687,7447,1.0699610581442192,1.0814136295221288,-0.01145257137790967,0.00018776329345981352
2025,1610612750,7156,1.1124930128563444,1.093616436466266,0.018876576390078448,0.00019930253971717527,7190,1.0674547983310152,1.0752729936245808,-0.007818195293565644,0.00019173369502932682
2025,1610612751,7044,1.034213515048268,1.0769289966622706,-0.042715481614002515,0.0002039109480645662,6885,1.1169208424110384,1.0977154045944981,0.01920543781654027,0.0002009550880059235
2025,1610612752,7294,1.115574444749109,1.0975290690542447,0.018045375694864196,0.0001837049253581641,7178,1.0997492337698522,1.0984049282939874,0.0013443054758648376,0.00019086773189395365
2025,1610612753,7010,1.0243937232524964,1.0659167517514845,-0.041523028498988035,0.00019649762981163642,6660,1.0788288288288288,1.0568520415361227,0.021976787292706135,0.0002032108417216529
2025,1610612754,7303,1.1267972066274135,1.0627916713238732,0.06400553530354025,0.0001878430562815623,7355,1.0936777702243372,1.0669346276421534,0.0267431425821838,0.00018627472899029077
2025,1610612755,7139,1.0574310127468833,1.080019863034775,-0.022588850287891704,0.00019510047119604458,7100,1.1428169014084506,1.1043283767714989,0.03848852463695174,0.00019647497116707908
2025,1610612756,7066,1.1234078686668554,1.045619682672128,0.07778818599472737,0.0002016582252479291,7361,1.1070506724629805,1.0640340668559485,0.04301660560703202,0.0001892140420997892
2025,1610612757,7377,1.044326962179748,1.0851603466198845,-0.04083338444013651,0.0001874871418399879,7218,1.0888057633693544,1.0836616413338536,0.005144122035500853,0.0001885123481731571
2025,1610612758,7366,1.097882161281564,1.031745555116119,0.06613660616544492,0.000185066419716691,7177,1.1153685383865124,1.0425876104693332,0.07278092791717916,0.00019707000724495643
2025,1610612759,7338,1.0907604251839738,1.1007596309938688,-0.009999205809894995,0.00019140382311836756,7563,1.1063070210234034,1.0940197253681783,0.012287295655225128,0.00018415243756484447
2025,1610612760,7592,1.1207850368809273,1.0698459256318364,0.050939111249090896,0.00018298574230044167,7106,1.030396847734309,1.0625842609009644,-0.0321874131666553,0.00020205585776752113
2025,1610612761,7439,1.0481247479499933,1.1010737411046956,-0.05294899315470225,0.00017856818504294826,7229,1.0835523585558169,1.1023259600938768,-0.01877360153805996,0.000191680339275253
2025,1610612762,7254,1.068513923352633,1.0549874534842891,0.013526469868343938,0.0001978254403924515,7597,1.1218902198236145,1.0648809713310674,0.05700924849254707,0.00018721374363810572
2025,1610612763,7626,1.1117230527143982,1.0630232127045653,0.04869984000983285,0.00018096045440586106,7510,1.0695073235685753,1.0816115356616314,-0.012104212093056121,0.0001853722414416044
2025,1610612764,7345,1.0266848196051737,1.0585903716705785,-0.031905552065404796,0.00019180709818612378,7593,1.0978532859212433,1.0767669373393296,0.021086348581913716,0.0001828614307399304
2025,1610612765,7341,1.0975343958588748,1.0803584812703588,0.017175914588515973,0.00018459175466539485,7195,1.0800555941626129,1.0542608503076654,0.02579474385494751,0.0001947394098297077
2025,1610612766,7283,1.0090621996430043,1.0743720803531072,-0.06530988071010291,0.0001922787745055648,7267,1.0982523737443237,1.0896864775252497,0.008565896219073998,0.0001956844048817896
2026,1610612737,7539,1.1069107308661625,1.0990762570184283,0.00783447384773428,0.0001850898710862579,7333,1.0912314196099824,1.1041904879563744,-0.012959068346392044,0.0001859040376655436
2026,1610612738,7397,1.1058537244828985,1.0391767983517675,0.06667692613113108,0.0001963157382443469,7111,1.0457038391224862,1.0396500202456107,0.006053818876875505,0.00020104579718863857
2026,1610612739,7380,1.1220867208672087,1.1143115252065807,0.007775195660628009,0.00018904970508733544,7301,1.0871113546089577,1.0914644550386605,-0.0043531004297028275,0.00019070751934860728
2026,1610612740,7419,1.054589567327133,1.0969377474042719,-0.04234818007713881,0.00017586533513521522,7518,1.1096036179835063,1.1015811522089312,0.008022465774575105,0.00018744569527665258
2026,1610612741,7415,1.094807821982468,1.1187927615314213,-0.02398493954895331,0.0001901802913125573,7687,1.1064134252634317,1.1129285429243327,-0.006515117660901071,0.00017736815521090282
2026,1610612742,7365,1.054039375424304,1.0642870469020156,-0.01024767147771155,0.0001789581116134649,7694,1.0916298414348844,1.0848668961616494,0.006762945273234955,0.0001760641523000405
2026,1610612743,7192,1.152947719688543,1.0635027602144593,0.0894449594740836,0.0001919697299439283,7480,1.0858288770053477,1.068524415523142,0.01730446148220577,0.00018760351119293764
2026,1610612744,7279,1.0986399230663553,1.0684185713268628,0.030221351739492475,0.00020440342947126725,7238,1.1059684995855208,1.0541177306264808,0.05185076895903995,0.00019064829714860083
2026,1610612745,7357,1.0846812559467174,1.0618885703297534,0.022792685616964015,0.00017801006918431893,7215,1.0604296604296604,1.0603243349123588,0.00010532551730157991,0.00018979010879348164
2026,1610612746,6855,1.1174325309992705,1.064156321051364,0.053276209947906494,0.00020080224046946653,7173,1.0892234769273665,1.061524156760241,0.02769932016712562,0.00019361230387338697
2026,1610612747,6862,1.146313028271641,1.0712831959232723,0.07502983234836869,0.0001969832974219582,7219,1.1105416262640255,1.0732128143265014,0.03732881193752413,0.0001914505125311682
2026,1610612748,7646,1.0834423227831547,1.0720396035533262,0.011402719229828495,0.00018079575223287645,7626,1.0805140309467611,1.0740700484480734,0.006443982498687717,0.0001822563585308283
2026,1610612749,7011,1.1310797318499501,1.0839111051392387,0.047168626710711425,0.00020357970012765524,7195,1.1156358582348853,1.0827414423547301,0.03289441588015518,0.0001975454923652569
2026,1610612750,7258,1.118489942132819,1.0925330141020424,0.025956928030776538,0.00019067638412620665,7351,1.0583594068834172,1.0831169887213856,-0.02475758183796839,0.0001821503040756478
2026,1610612751,6931,1.040975328235464,1.0819359018928822,-0.04096057365741834,0.00020548731395241012,6947,1.1422196631639556,1.0991386752742291,0.043080987889726474,0.00019297563855585483
2026,1610612752,7328,1.1146288209606987,1.0966791592205811,0.017949661740117584,0.00019066658777725347,7013,1.081420219592186,1.0895960827521924,-0.008175863160006402,0.00020277436412528423
2026,1610612753,7243,1.0608863730498412,1.0707280514379693,-0.009841678388128106,0.00018667030184759268,7190,1.0897079276773296,1.0640507021505456,0.025657225526783956,0.00018881439748804187
2026,1610612754,7303,1.0665479939750788,1.0633642169566582,0.0031837770184206526,0.00019116098692314545,7423,1.1118146302034217,1.0735639177705747,0.038250712432847056,0.0001803932846341901
2026,1610612755,7401,1.0605323604918255,1.0763271031080104,-0.015794742616184854,0.00018318383336600382,7346,1.082357745711952,1.0972453256249164,-0.01488757991296441,0.00018824269553665776
2026,1610612756,7385,1.0739336492890996,1.0709072535133934,0.003026395775706181,0.0001927284566596984,7008,1.0826198630136987,1.0829075673070292,-0.00028770429333047076,0.00019603620456124372
2026,1610612757,7386,1.0672894665583537,1.1027317937848897,-0.03544232722653606,0.00019453104674855597,7323,1.0813874095316127,1.0784492989816894,0.002938110549923323,0.00018554686241664193
2026,1610612758,7299,1.0493218249075216,1.018546797845483,0.030775027062038607,0.00017860642552312668,7293,1.1441107911696147,1.0450436125016478,0.09906717866796688,0.0001894668920565093
2026,1610612759,7368,1.117942453854506,1.1136852942184925,0.0042571596360134745,0.0001873873808211791,7468,1.044188537761114,1.0766019134518083,-0.03241337569069436,0.00018434848188654434
2026,1610612760,7306,1.1227758007117439,1.0822879273119863,0.04048787339975757,0.0001902753385471221,7244,1.0371341800110436,1.065636679795089,-0.028502499784045288,0.000196489867589407
2026,1610612761,7249,1.0928403917781764,1.1036748664493012,-0.01083447467112486,0.00018072457381303902,7045,1.079347054648687,1.0958962675375838,-0.01654921288889688,0.00019490997453746128
2026,1610612762,7469,1.0729682688445574,1.0586959119841177,0.014272356860439706,0.0001846470990520249,7475,1.1553177257525085,1.0697486013498618,0.08556912440264663,0.00019125398269282355
2026,1610612763,7430,1.065948855989233,1.062538608539222,0.0034102474500108393,0.00019086893636540672,7458,1.1237597211048538,1.0864030703492906,0.03735665075556316,0.0001863757370182603
2026,1610612764,7409,1.0697799973005804,1.0613077227920866,0.008472274508493749,0.0001853618629317396,7543,1.1251491449025586,1.0947210388636543,0.030428106038904223,0.00018016549290908972
2026,1610612765,7338,1.0923957481602617,1.078764157763203,0.013631590397058746,0.00017677845128388794,6987,1.0346357521110634,1.0452170160192917,-0.010581263908228333,0.00020190261722401935
2026,1610612766,7289,1.1045410893126628,1.0796594945203462,0.024881594792316664,0.00020069156891534443,7205,1.0788341429562804,1.072669409518913,0.006164733437367342,0.00019060648013153762
